Workbook

Sheet Дүгнэлт
A1: TAE системийн үнэлгээ
A2: Хоёр аргаар үнэлж, хоорондох мужийг гаргасан. Таамаглалыг "Тохиргоо" хуудаснаас өөрчилнө.
B3: ₮ | C3: $
A4: А. Орлуулах өртгийн арга (ижил системийг шинээр хийх зардал)
A5: Чадварын тоо | B5: =COUNTA(Чадварууд!$C$2:$C$38) -> 37
A6: Нийт хөгжүүлэлтийн цаг | B6: =Чадварууд!$F$39 -> 2180
A7: Орлуулах өртөг (хасалтын өмнө) | B7: =Чадварууд!$G$39 -> 174400000 | C7: =B7/Тохиргоо!$B$5 -> 50550.725
A8: Чанарын хасалт | B8: =B7*Тохиргоо!$B$6 -> -26160000 | C8: =B8/Тохиргоо!$B$5 -> -7582.6087
A9: Орлуулах өртөг (цэвэр) | B9: =B7+B8 -> 148240000 | C9: =B9/Тохиргоо!$B$5 -> 42968.116
A11: Б. Хэмнэлтийн арга (гар ажлыг орлосны үнэ цэнэ)
A12: Жилийн хэмнэлт (цаг) | B12: =Чадварууд!$J$39 -> 1654
A13: Жилийн хэмнэлт (₮) | B13: =Чадварууд!$K$39 -> 33080000 | C13: =B13/Тохиргоо!$B$5 -> 9588.4058
A14: Засвар үйлчилгээний хасалт (жилд) | B14: =-B13*Тохиргоо!$B$8 -> -6616000 | C14: =B14/Тохиргоо!$B$5 -> -1917.6812
A15: Цэвэр жилийн хэмнэлт | B15: =B13+B14 -> 26464000 | C15: =B15/Тохиргоо!$B$5 -> 7670.7246
A16: Хэмнэлтийн аргаар үнэлгээ | B16: =B15*Тохиргоо!$B$7 -> 79392000 | C16: =B16/Тохиргоо!$B$5 -> 23012.174
A18: Дүгнэлт: үнэлгээний муж
A19: Доод хязгаар | B19: =MIN(B9,B16) -> 79392000 | C19: =B19/Тохиргоо!$B$5 -> 23012.174
A20: Дээд хязгаар | B20: =MAX(B9,B16) -> 148240000 | C20: =B20/Тохиргоо!$B$5 -> 42968.116
A21: Дундаж | B21: =AVERAGE(B19:B20) -> 113816000 | C21: =B21/Тохиргоо!$B$5 -> 32990.145
A23: Үнэлгээг юу нэмэгдүүлж байна:
A24: • Монголын цалин, НДШ, ХХОАТ, хоолны мөнгө, борлуулалтын нэмэгдлийн дүрмийг агуулсан тул бэлэн программаар шууд орлуулахад хэцүү.
A25: • Нягтлангийн программ (MSSQL), хурууны хээний төхөөрөмж, AI-тай холбогдсон: өгөгдлийг дахин гараар оруулах шаардлагагүй.
A26: • Цаг бүртгэл → хоног бүртгэл → цалин, хоолны мөнгө, нэмэгдэл гэсэн гинжин тооцоо нэг системд холбогдсон.
A27: • Албан тушаалын эрх, URL хамгаалалт, ХТ-ийн сувгийн хязгаарлалтаар мэдээллийн нууцлалыг хангадаг.
A28: Үнэлгээг юу бууруулж байна:
A29: • Автомат тест бараг байхгүй: өөрчлөлт бүрийг гараар шалгах шаардлагатай, алдааны эрсдэлтэй.
A30: • shop/views.py нэг файлд ~6,500 мөр: шинэ хөгжүүлэгч ойлгоход удаан.
A31: • Git түүх 2 commit-оос эхэлсэн: шийдвэрийн түүх баримтжаагүй.
A32: • Нэг байгууллагад тусгайлан хийгдсэн: өөр компанид зарах (SaaS) үнэ цэнэ тооцоогүй, нэмэлт ажил шаардана.
A33: • Хуваарьт ажлууд Windows Task Scheduler-т тулгуурласан.
A34: Тайлбар: энэ нь кодын шинжилгээнд суурилсан ойролцоо тооцоо, мэргэжлийн үнэлгээчний дүгнэлт биш.

Sheet Тохиргоо
A1: Үнэлгээний таамаглал (шар нүдийг өөрчилж болно)
A3: Хөгжүүлэгчийн цагийн хөлс | B3: 80000 | C3: Таамаг: Монголд гэрээгээр (outsource) веб систем хөгжүүлэх дундаж цагийн хөлс. Өөрийн мэдээллээр солиорой.
A4: Ажилтны цагийн өртөг (нягтлан, ХН) | B4: 20000 | C4: Таамаг: сарын ~3.2 сая ₮ цалин / 160 цаг. Хэмнэсэн цагийг мөнгөнд шилжүүлэхэд хэрэглэнэ.
A5: Долларын ханш (₮ / $) | B5: 3450 | C5: Таамаг: ойролцоо ханш. Монголбанкны өдрийн ханшаар солиорой.
A6: Чанарын хасалт | B6: -0.15 | C6: Таамаг: автомат тест бараг байхгүй (3 тест), views.py нэг файлд 6,500 мөр, git түүх 2 commit, хуваарь Windows-д тулгуурласан. Худалдан авагч/шинэ хөгжүүлэгч эдгээрийг засахад зарцуулах ажлыг хассан.
A7: Хэмнэлтийн аргын жил | B7: 3 | C7: Таамаг: системийн ашиглагдах хугацаа (томоохон шинэчлэлгүйгээр).
A8: Жилийн засвар үйлчилгээний хувь | B8: 0.2 | C8: Таамаг: хэмнэлтээс засвар, хөгжүүлэлт, сервер, API-ийн зардалд зарцуулагдах хувь.
A10: Тэмдэглэгээ: цэнхэр = оруулсан тоо, хар = томьёо, ногоон = өөр хуудаснаас холбосон. Шар нүдийг л өөрчилнө.

Sheet Чадварууд
A1: № | B1: Бүлэг | C1: Чадвар | D1: Юу хийдэг | E1: Нарийн төвөгшил (1-5) | F1: Хөгжүүлэлтийн цаг (таамаг) | G1: Орлуулах өртөг (₮) | H1: Орлуулах өртөг ($) | I1: Бизнесийн ач холбогдол | J1: Жилийн хэмнэлт (цаг, таамаг) | K1: Жилийн хэмнэлт (₮) | L1: Үнэлгээний шалтгаан
A2: 1 | B2: Платформ | C2: MSSQL → PostgreSQL өгөгдөл синк | D2: Нягтлангийн программын (MSSQL) view-үүдийг PostgreSQL рүү COPY-оор хурдан татаж, түр хүснэгтээс нэг гүйлгээнд солино; дараа нь индекс сэргээж, кэш бэлдэнэ. | E2: 4 | F2: 120 | G2: =F2*Тохиргоо!$B$3 -> 9600000 | H2: =G2/Тохиргоо!$B$5 -> 2782.6087 | I2: Өндөр | J2: 0 | K2: =J2*Тохиргоо!$B$4 -> 0 | L2: Бүх тайлан энэ давхарга дээр суурилдаг тул системийн гол тулгуур. Тасалдалгүй солих (atomic swap), view-г нэрээр нь олох, COPY ашиглах зэрэг нь энгийн ETL-ээс давсан шийдэл. Шууд цаг хэмнэхгүй (бусад мөрийн хэмнэлтэд орсон).
A3: 2 | B3: Платформ | C3: Тайлангийн кэш ба индекс | D3: Синк бүрийн дараа тайлангийн индексийг сэргээж, хүснэгтийн хувилбараар (OID + өөрчлөлтийн тоолуур) хүчингүй болдог файл кэш. | E3: 3 | F3: 40 | G3: =F3*Тохиргоо!$B$3 -> 3200000 | H3: =G3/Тохиргоо!$B$5 -> 927.53623 | I3: Дунд | J3: 0 | K3: =J3*Тохиргоо!$B$4 -> 0 | L3: Том хүснэгт дээрх тайланг секундэд гаргадаг гүйцэтгэлийн шийдэл. Кэшийг гараар цэвэрлэх шаардлагагүй болгосон нь алдааны эрсдэлийг бууруулна.
A4: 3 | B4: Платформ | C4: Өгөгдөл шинэчлэх хуудас | D4: Superuser сонгосон нэг хүснэгтийг хүссэн үедээ MSSQL-ээс татах, явцыг харах хуудас. | E4: 2 | F4: 24 | G4: =F4*Тохиргоо!$B$3 -> 1920000 | H4: =G4/Тохиргоо!$B$5 -> 556.52174 | I4: Бага | J4: 12 | K4: =J4*Тохиргоо!$B$4 -> 240000 | L4: Жижиг боловч өдрийн хуваарийг хүлээлгүй тоо шинэчлэх боломж олгоно. Хэрэглээ нь зөвхөн админд.
A5: 4 | B5: Платформ | C5: Эрхийн систем (цэс + URL хамгаалалт) | D5: Албан тушаал бүрээр цэс харуулах/нуух, бүлэглэл өөрчлөх тохиргооны хуудас; нуусан хуудсыг хаягаар нь ч нээхгүй middleware. | E5: 4 | F5: 80 | G5: =F5*Тохиргоо!$B$3 -> 6400000 | H5: =G5/Тохиргоо!$B$5 -> 1855.0725 | I5: Өндөр | J5: 0 | K5: =J5*Тохиргоо!$B$4 -> 0 | L5: Цалин, санхүүгийн нууц мэдээллийг хамгаалдаг. Нэг газраас (menuconfig) цэс, эрх, URL хамгаалалт автоматаар үүсдэг тул шинэ хуудас нэмэхэд эрх мартагдах эрсдэлгүй.
A6: 5 | B6: Платформ | C6: Нэвтрэлт, бүртгэл, ажилтны хэрэглэгч синк | D6: Нэвтрэх, бүртгүүлэх, нууц үг сэргээх; ажилтнуудын хэрэглэгчийг имэйлээр нь автоматаар үүсгэх/холбох команд. | E6: 2 | F6: 32 | G6: =F6*Тохиргоо!$B$3 -> 2560000 | H6: =G6/Тохиргоо!$B$5 -> 742.02899 | I6: Дунд | J6: 0 | K6: =J6*Тохиргоо!$B$4 -> 0 | L6: Стандарт Django боломж дээр суурилсан тул нэмүү өртөг дунд зэрэг; ажилтан-хэрэглэгчийн холбоос нь хувийн мэдээллийн хуудсуудын үндэс.
A7: 6 | B7: Платформ | C7: Deploy ба хуваарьт ажлууд | D7: Docker, Caddy (HTTPS proxy), Windows Task Scheduler-ийн скриптүүд (синк, үлдэгдэл, цаг бүртгэл). | E7: 3 | F7: 40 | G7: =F7*Тохиргоо!$B$3 -> 3200000 | H7: =G7/Тохиргоо!$B$5 -> 927.53623 | I7: Дунд | J7: 0 | K7: =J7*Тохиргоо!$B$4 -> 0 | L7: Системийг байнга ажиллуулах дэд бүтэц. Windows-д тулгуурласан хуваарь нь шилжүүлэхэд нэмэлт ажил шаардана.
A8: 7 | B8: Нийтийн | C8: Бүтээгдэхүүний каталог | D8: Нүүр хуудас, бүтээгдэхүүний жагсаалт, дэлгэрэнгүй, засах; сувгийн үнэ хавсаргах. | E8: 3 | F8: 60 | G8: =F8*Тохиргоо!$B$3 -> 4800000 | H8: =G8/Тохиргоо!$B$5 -> 1391.3043 | I8: Дунд | J8: 0 | K8: =J8*Тохиргоо!$B$4 -> 0 | L8: Харилцагчид бараагаа харуулах нүүр царай. Борлуулалтад шууд нөлөө нь хэмжигдээгүй тул дунд гэж үнэлэв.
A9: 8 | B9: Нийтийн | C9: AI чат (Claude API) ба үлдэгдэл лавлагаа | D9: Сайт дээрх AI туслах; барааны үлдэгдлийг асуухад ашиглах JSON endpoint (n8n-тэй холбогддог). | E9: 3 | F9: 40 | G9: =F9*Тохиргоо!$B$3 -> 3200000 | H9: =G9/Тохиргоо!$B$5 -> 927.53623 | I9: Дунд | J9: 40 | K9: =J9*Тохиргоо!$B$4 -> 800000 | L9: Орчин үеийн боломж, үлдэгдлийн асуултад хүн хариулах ачааллыг бууруулна. API-ийн зардал тусдаа гарна.
A10: 9 | B10: Хяналтын самбар | C10: Нүүр хяналтын самбар | D10: Ажилтанд зориулсан гол үзүүлэлтүүдийн самбар. | E10: 2 | F10: 32 | G10: =F10*Тохиргоо!$B$3 -> 2560000 | H10: =G10/Тохиргоо!$B$5 -> 742.02899 | I10: Дунд | J10: 24 | K10: =J10*Тохиргоо!$B$4 -> 480000 | L10: Удирдлагад нэг дороос тойм өгнө; гүнзгий тооцоо нь бусад тайланд хийгддэг.
A11: 10 | B11: Хувийн мэдээлэл | C11: Ажилтны self-service | D11: Ажилтан өөрийн цаг бүртгэл, цалингийн задаргаа, борлуулалтын нэмэгдлийг өөрөө харна. | E11: 3 | F11: 60 | G11: =F11*Тохиргоо!$B$3 -> 4800000 | H11: =G11/Тохиргоо!$B$5 -> 1391.3043 | I11: Өндөр | J11: 100 | K11: =J11*Тохиргоо!$B$4 -> 2000000 | L11: Нягтлан, ХН-ийн ажилтанд ирэх "миний цалин яагаад ийм вэ" гэсэн асуултыг бууруулж, ил тод байдал нэмнэ. Зөвхөн өөрийн мэдээллийг харуулах эрхийн логиктой.
A12: 11 | B12: Бараа материал | C12: Барааны үлдэгдэл | D12: 2 цаг тутам шинэчлэгддэг snapshot-оос агуулах, бараагаар үлдэгдэл харуулна. | E12: 3 | F12: 48 | G12: =F12*Тохиргоо!$B$3 -> 3840000 | H12: =G12/Тохиргоо!$B$5 -> 1113.0435 | I12: Өндөр | J12: 50 | K12: =J12*Тохиргоо!$B$4 -> 1000000 | L12: Борлуулалт, хангамжийн өдөр тутмын шийдвэрт хэрэглэгддэг. Snapshot нь нягтлангийн программыг ачаалахгүй.
A13: 12 | B13: Бараа материал | C13: Барааны үнэ | D13: Барааны үнийн жагсаалт, суваг бүрийн үнэ, Excel экспорт. | E13: 2 | F13: 32 | G13: =F13*Тохиргоо!$B$3 -> 2560000 | H13: =G13/Тохиргоо!$B$5 -> 742.02899 | I13: Дунд | J13: 30 | K13: =J13*Тохиргоо!$B$4 -> 600000 | L13: Энгийн боловч өдөр бүр хэрэглэгддэг лавлагаа.
... A38: 37 | B38: Хүний нөөц | C38: Борлуулалтын нэмэгдэл | D38: Нярав, ХТ, борлуулагч, түгээгчийн нэмэгдлийг албан тушаалын схемээр бодож, карт/бэлэнд хуваарилж цалинд бичнэ. | E38: 5 | F38: 100 | G38: =F38*Тохиргоо!$B$3 -> 8000000 | H38: =G38/Тохиргоо!$B$5 -> 2318.8406 | I38: Өндөр | J38: 96 | K38: =J38*Тохиргоо!$B$4 -> 1920000 | L38: Борлуулалт, буцаалт, түгээлтийн өгөгдлийг цалинтай холбосон; урамшууллын ил тод байдлыг хангана.
C39: НИЙТ | F39: =SUM(F2:F38) -> 2180 | G39: =SUM(G2:G38) -> 174400000 | H39: =SUM(H2:H38) -> 50550.725 | J39: =SUM(J2:J38) -> 1654 | K39: =SUM(K2:K38) -> 33080000 | L39: Цаг ба хэмнэлтийн тоо нь кодын хэмжээ, логикийн нарийн төвөгшилд үндэслэсэн таамаг (цэнхэр).

Sheet Бүлгээр
A1: Бүлэг | B1: Чадварын тоо | C1: Хөгжүүлэлтийн цаг | D1: Орлуулах өртөг (₮) | E1: Хувь | F1: Жилийн хэмнэлт (₮)
A2: Платформ | B2: =COUNTIF(Чадварууд!$B$2:$B$38,A2) -> 6 | C2: =SUMIF(Чадварууд!$B$2:$B$38,A2,Чадварууд!$F$2:$F$38) -> 336 | D2: =SUMIF(Чадварууд!$B$2:$B$38,A2,Чадварууд!$G$2:$G$38) -> 26880000 | E2: =IF($D$12=0,0,D2/$D$12) -> 0.15412844 | F2: =SUMIF(Чадварууд!$B$2:$B$38,A2,Чадварууд!$K$2:$K$38) -> 240000
A3: Нийтийн | B3: =COUNTIF(Чадварууд!$B$2:$B$38,A3) -> 2 | C3: =SUMIF(Чадварууд!$B$2:$B$38,A3,Чадварууд!$F$2:$F$38) -> 100 | D3: =SUMIF(Чадварууд!$B$2:$B$38,A3,Чадварууд!$G$2:$G$38) -> 8000000 | E3: =IF($D$12=0,0,D3/$D$12) -> 0.04587156 | F3: =SUMIF(Чадварууд!$B$2:$B$38,A3,Чадварууд!$K$2:$K$38) -> 800000
A4: Хяналтын самбар | B4: =COUNTIF(Чадварууд!$B$2:$B$38,A4) -> 1 | C4: =SUMIF(Чадварууд!$B$2:$B$38,A4,Чадварууд!$F$2:$F$38) -> 32 | D4: =SUMIF(Чадварууд!$B$2:$B$38,A4,Чадварууд!$G$2:$G$38) -> 2560000 | E4: =IF($D$12=0,0,D4/$D$12) -> 0.014678899 | F4: =SUMIF(Чадварууд!$B$2:$B$38,A4,Чадварууд!$K$2:$K$38) -> 480000
A5: Хувийн мэдээлэл | B5: =COUNTIF(Чадварууд!$B$2:$B$38,A5) -> 1 | C5: =SUMIF(Чадварууд!$B$2:$B$38,A5,Чадварууд!$F$2:$F$38) -> 60 | D5: =SUMIF(Чадварууд!$B$2:$B$38,A5,Чадварууд!$G$2:$G$38) -> 4800000 | E5: =IF($D$12=0,0,D5/$D$12) -> 0.027522936 | F5: =SUMIF(Чадварууд!$B$2:$B$38,A5,Чадварууд!$K$2:$K$38) -> 2000000
A6: Бараа материал | B6: =COUNTIF(Чадварууд!$B$2:$B$38,A6) -> 3 | C6: =SUMIF(Чадварууд!$B$2:$B$38,A6,Чадварууд!$F$2:$F$38) -> 136 | D6: =SUMIF(Чадварууд!$B$2:$B$38,A6,Чадварууд!$G$2:$G$38) -> 10880000 | E6: =IF($D$12=0,0,D6/$D$12) -> 0.062385321 | F6: =SUMIF(Чадварууд!$B$2:$B$38,A6,Чадварууд!$K$2:$K$38) -> 2400000
A7: Борлуулалт | B7: =COUNTIF(Чадварууд!$B$2:$B$38,A7) -> 5 | C7: =SUMIF(Чадварууд!$B$2:$B$38,A7,Чадварууд!$F$2:$F$38) -> 312 | D7: =SUMIF(Чадварууд!$B$2:$B$38,A7,Чадварууд!$G$2:$G$38) -> 24960000 | E7: =IF($D$12=0,0,D7/$D$12) -> 0.14311927 | F7: =SUMIF(Чадварууд!$B$2:$B$38,A7,Чадварууд!$K$2:$K$38) -> 5400000
A8: Түгээлт | B8: =COUNTIF(Чадварууд!$B$2:$B$38,A8) -> 1 | C8: =SUMIF(Чадварууд!$B$2:$B$38,A8,Чадварууд!$F$2:$F$38) -> 32 | D8: =SUMIF(Чадварууд!$B$2:$B$38,A8,Чадварууд!$G$2:$G$38) -> 2560000 | E8: =IF($D$12=0,0,D8/$D$12) -> 0.014678899 | F8: =SUMIF(Чадварууд!$B$2:$B$38,A8,Чадварууд!$K$2:$K$38) -> 800000
A9: Хангамж | B9: =COUNTIF(Чадварууд!$B$2:$B$38,A9) -> 5 | C9: =SUMIF(Чадварууд!$B$2:$B$38,A9,Чадварууд!$F$2:$F$38) -> 256 | D9: =SUMIF(Чадварууд!$B$2:$B$38,A9,Чадварууд!$G$2:$G$38) -> 20480000 | E9: =IF($D$12=0,0,D9/$D$12) -> 0.11743119 | F9: =SUMIF(Чадварууд!$B$2:$B$38,A9,Чадварууд!$K$2:$K$38) -> 3840000
A10: Санхүү | B10: =COUNTIF(Чадварууд!$B$2:$B$38,A10) -> 2 | C10: =SUMIF(Чадварууд!$B$2:$B$38,A10,Чадварууд!$F$2:$F$38) -> 120 | D10: =SUMIF(Чадварууд!$B$2:$B$38,A10,Чадварууд!$G$2:$G$38) -> 9600000 | E10: =IF($D$12=0,0,D10/$D$12) -> 0.055045872 | F10: =SUMIF(Чадварууд!$B$2:$B$38,A10,Чадварууд!$K$2:$K$38) -> 2800000
A11: Хүний нөөц | B11: =COUNTIF(Чадварууд!$B$2:$B$38,A11) -> 11 | C11: =SUMIF(Чадварууд!$B$2:$B$38,A11,Чадварууд!$F$2:$F$38) -> 796 | D11: =SUMIF(Чадварууд!$B$2:$B$38,A11,Чадварууд!$G$2:$G$38) -> 63680000 | E11: =IF($D$12=0,0,D11/$D$12) -> 0.36513761 | F11: =SUMIF(Чадварууд!$B$2:$B$38,A11,Чадварууд!$K$2:$K$38) -> 14320000
A12: НИЙТ | B12: =SUM(B2:B11) -> 37 | C12: =SUM(C2:C11) -> 2180 | D12: =SUM(D2:D11) -> 174400000 | E12: =SUM(E2:E11) -> 1 | F12: =SUM(F2:F11) -> 33080000

Sheet Арга зүй
A1: Арга зүй ба кодын үзүүлэлтүүд
A3: Орлуулах өртгийн арга | B3: Чадвар бүрийг тэгээс хийхэд шаардагдах цагийг кодын хэмжээ, бизнесийн дүрмийн тоо, гадаад системтэй холболт, онцгой тохиолдлуудаар таамаглаж, цагийн хөлсөөр үржүүлэв.
A4: Нарийн төвөгшил (1-5) | B4: 1 = энгийн жагсаалт/экспорт; 3 = хэд хэдэн эх үүсвэр нэгтгэсэн тайлан; 5 = олон модульд нөлөөлөх, санхүүгийн/хуулийн дүрэм агуулсан тооцоо (цалин, цаг бүртгэл).
A5: Хэмнэлтийн арга | B5: Чадвар бүр жилд хэдэн цагийн гар ажлыг (Excel тооцоо, тулгалт, асуултад хариулах) орлодгийг таамаглаж, ажилтны цагийн өртгөөр үржүүлэв; засвар үйлчилгээг хасаж, ашиглах жилээр үржүүлэв.
A6: Хамрах хүрээ | B6: Зөвхөн программ хангамжийн үнэ цэнэ. Өгөгдөл, сервер, лиценз, удирдлагын шийдвэрийн чанар сайжирсны шууд бус үр ашиг ороогүй.
A8: Кодын үзүүлэлт (2026-10-09-нд кодоос тоолсон)
A9: Python код (shop + datamigration гол файлууд) | B9: 14050 | C9: мөр
A10: shop/views.py | B10: 6502 | C10: мөр
A11: HTML загвар | B11: 70 | C11: файл
A12: HTML загварын мөр | B12: 15428 | C12: мөр
A13: Өгөгдлийн сангийн migration | B13: 83 | C13: файл
A14: Автомат тест | B14: 3 | C14: тест
A15: Цэсний хуудас | B15: 32 | C15: хуудас
A16: Git commit | B16: 2 | C16: commit
